sample_name	context	Unmethylated
13_1	CG	0.547348045097746
13_2	CG	0.547366166601475
13_3	CG	0.547672536585567
13_5	CG	0.547432188220323
14_2	CG	0.547518344843314
14_3	CG	0.547560628352015
14_4	CG	0.547847287226788
14_5	CG	0.547655156897781