pair.1	pair.2	D.value
G3_26_r1-26	G3_87_r1-87	0.01366
G3_26_r1-26	G3_87_r2-87	0.01412
G3_26_r1-26	G31_109_r1-109	0.00806
G3_87_r1-87	G3_87_r2-87	0.03265
G3_87_r1-87	G31_109_r1-109	0.00473
G3_87_r2-87	G31_109_r1-109	0.00904
