pair.1	pair.2	D.value
G0	G1-L2	0.01366
G0	G4-L8	0.01412
G0	G11-L2	0.00806
G1-L2	G4-L8	0.03265
G1-L2	G11-L2	0.00473
G4-L8	G11-L2	0.00904
