Sample_name	context	rc.meth.lvls
G3_26_r1-26	CG	0.32576
G3_87_r1-87	CG	0.48621
G3_87_r2-87	CG	0.59522
G31_109_r1-109	CG	0.41274
