pair-1	pair-2	D-value	cytosines	filter
G0	G1-L2	0.014234	CG	0.99
G0	G4-L8	0.026819	CG	0.99
G0	G11-L2	0.005434	CG	0.99
G1-L2	G4-L8	0.037993	CG	0.99
G1-L2	G11-L2	0.003322	CG	0.99
G4-L8	G11-L2	0.018272	CG	0.99
